id	filename	md5	size	state
dfc7216d-a42b-40a7-87fa-29b207fdcb66	TCGA-GN-A4U8-06Z-00-DX1.BD0E3D01-7FE9-40B6-9C80-63C83CB2E380.svs	451b90812e80d9bd24a69f99b6cd899c	2634576486	released
5f8f126b-d420-431a-b3d0-ddbedd3b9516	TCGA-GN-A267-01Z-00-DX1.6D5A4B3A-2A45-414A-B69D-D53265203017.svs	5448c542adfcedace8bb0b6c67908231	2920007589	released
dd5fab0a-adb5-4adf-a1f4-5c61f79b4372	TCGA-WE-A8K6-06Z-00-DX1.4729CA63-5901-4E06-A9C7-0EFA3551FC6A.svs	ad7d44a6febfcc1388f02e13da1d432d	1432606643	released
38aa6a17-b44d-4e2d-a5b2-5ccb7ad2a298	TCGA-FS-A1ZM-06Z-00-DX2.084DE89E-6D04-494E-8001-5E02A94F93B9.svs	dbaa9c0bdbf934688b7e30073d8e0157	2883609095	released
8e910f03-522d-4df8-9cd3-2752daea17ad	TCGA-YD-A9TB-01Z-00-DX1.ADAE3D3D-6721-4378-87DB-46F086CF65B1.svs	1ab154c8dd8d23ac9c2690f63891ba56	2693201099	released
21d8c9b3-6b8d-45dc-a22f-94c637d1b20c	TCGA-YD-A9TB-01Z-00-DX2.BFDBD5B4-486D-41B1-A123-DC1966D4BF52.svs	bdccfe52dac713770ccc5246e7b39385	2971711391	released
6c323174-e036-43ac-8586-8c718fa10d7b	TCGA-ER-A19N-01Z-00-DX1.8EE30DC5-C847-466A-8283-7AEF32EE0EB6.svs	bdea0dd80275c6e228042fd8942150a9	3094716205	released
442bad98-85eb-454d-81e0-bbef1a46e635	TCGA-GN-A265-01Z-00-DX1.BE90A07C-D871-49EC-ADE6-74EFBDF86EF7.svs	8e382b1121f5d007b2876460d9256b16	2050699575	released
42e32ac7-a4ff-43ab-a2af-88f29a50d4a2	TCGA-ER-A19M-01Z-00-DX1.7136F73C-8013-4A84-80C9-A7C9191BEBF1.svs	183ce7080d68fc264d80aac7e3950983	2950208951	released
930d620c-24ae-4f3b-9dd5-01cb08735763	TCGA-ER-A2NH-01Z-00-DX1.8E2DEC74-D875-4420-B572-A462F1016CAB.svs	a360461a11c4e6b352da42bb6d5025d4	2808067591	released
1d1917e3-2ba1-4f08-ae5f-58f7560b7ff1	TCGA-2G-AAHT-01Z-00-DX1.DE84E5DC-5B76-426D-84C9-55C3A2FCC6EF.svs	21db555439559e7634140732d28aa48c	2352802380	released
08a6eb75-0c83-4c4d-bed2-c44b406fa1a3	TCGA-ZM-AA0H-01Z-00-DX1.E70133AE-ECF5-4DDC-96C1-AF6FEFE6FB96.svs	aa89c7c49ace9b3d721a8897bdd6fd8c	2046433873	released
72f02b7c-e72c-49e5-b766-3cf4c5d97628	TCGA-XE-AAOL-01Z-00-DX1.41F340C6-7961-4F7E-AEE5-D33E818344E4.svs	e3b854aba727348f88956d2233f96f63	3305881519	released
2adb79e3-35c5-40a6-b8ae-d60ee8e2a966	TCGA-2G-AAH3-01Z-00-DX1.0016AC88-32F5-42C0-BC9E-90F409B130BF.svs	35ef2c9cdb99d4b68b7dbc07aae896e2	2521831992	released
5e1d2c32-418b-450d-a939-c4a8ae8856ac	TCGA-IB-AAUO-01Z-00-DX1.4970613D-F815-4FA1-B8BF-396007495ADA.svs	84b59a104b596098d668e7a55f1dbe16	2445575211	released
dee64a96-9071-4cbc-aa71-1afc9d03ff9f	TCGA-IB-A5SQ-01Z-00-DX1.790002F9-0B3B-44F6-A888-82E87FC78B73.svs	bb8461032e50ae8eb0b157aa1de05f64	2381369335	released
42fe37d8-0911-40a5-a84c-1da63271e95e	TCGA-2L-AAQA-01Z-00-DX1.F5FDD572-4689-437B-8721-2D750AAEBBDF.svs	a871a817139193bfc0a545fd90a1232b	3119076078	released
49611880-f137-48b4-a87a-5b5908b5c22f	TCGA-IB-A5ST-01Z-00-DX1.D594ABB6-4DC6-4778-91BF-C469F54A7DED.svs	6059d2810e07394f6b87e7cb6e79b3a9	1945756677	released
b74332d0-15bc-4657-8d83-958e7d7920d2	TCGA-XN-A8T5-01Z-00-DX1.317CFC78-4666-4F11-BCC4-B60F5E5EB78B.svs	658850029bd9ef38b069cf2158348127	2238660899	released
80475a4a-eb4b-41ff-8d25-ec5d569b14c1	TCGA-S6-A8JW-01Z-00-DX1.5E2CB65F-9CB4-43C8-8E58-462BB4F6CB8D.svs	e46cd1eb067e9a9d39ece351c81efe94	2369346939	released
c2e2c2c4-ba70-4895-ad82-a1962d7f92f4	TCGA-ZM-AA05-01Z-00-DX1.906300AF-5585-4921-9711-2F4C5C536CFE.svs	a377fba2ebdbe205240a96b315f340a1	2204322553	released
d788f8df-fb5c-4ece-bf3b-619eb700b299	TCGA-XE-AANJ-01Z-00-DX1.1EEA6573-B215-4D3D-8A58-E6E5B7D385E9.svs	07fe804f74731162e3e66c8198142608	2416400601	released
19d17eb4-dcf3-4689-bece-c1d198eeb685	TCGA-XE-AAO6-01Z-00-DX1.C4176415-F3D2-4E37-88F9-59F7656AB5E6.svs	72b7ba468a33d7c180bee8cf6ba7356d	2019654921	released
06060fe0-e5b8-4dc1-b712-3dd5a686c706	TCGA-XE-AAO4-01Z-00-DX1.B5F0CD14-B974-422F-9729-BE48BC91D06D.svs	e67236e66132ad9b6611d90b13703d3d	3011211799	released
d20f4cd8-9e5c-41a6-8ee1-a6d1997ecfc6	TCGA-SB-A6J6-01Z-00-DX1.2461C739-57AF-411A-9F7F-54CBCEA58E4B.svs	a0011f60afc3f04d0af7ab6a12c505e9	1644340950	released
ca2c7c88-9a07-4852-b258-1f3d2b95be36	TCGA-IB-A7LX-01Z-00-DX1.4F89C037-AC3D-4F99-A82D-A5483A081422.svs	3824d08a9b733fc5bb97da087abe5598	2289414513	released
2f2db151-88ed-4ddc-8497-1cdb8056f05e	TCGA-IB-7886-01Z-00-DX1.451DCD29-42FF-4A7C-885A-114F33ABCC06.svs	6992aa0ffd1ae77bfbfb64b4608407f2	2089470839	released
64ec0a7a-562b-4287-b50c-920c72285410	TCGA-IB-7897-01Z-00-DX1.86479ECF-CD39-4F98-9ADD-9E5235619570.svs	16c1f7f1c4474a9169f6618a5c6f02c3	2643367443	released
d3ddd242-4abf-4ffe-8484-a1d062fd7eec	TCGA-IB-7887-01Z-00-DX1.2C5FD9A8-2875-40E3-9F1D-83CAB93939D5.svs	26a4a339c98e54a9162f301c5f00fa57	2749426179	released
9aa83d09-fcb9-4b78-9e1b-c2dbdf13098a	TCGA-IB-A6UF-01Z-00-DX1.B5DE2588-B9C6-4F63-8784-A5599626D605.svs	bd7abc36f6ca0b29912a6b5d1538571d	2058907311	released
e59fe4c1-8642-43ba-a851-c824b7850c02	TCGA-AX-A063-01Z-00-DX1.C47A3AB4-3D88-4338-87BE-AC7EBFDE9205.svs	263b564f3d4b2a1bafe3f740e897d4d9	2355834988	released
caa2c4ad-abf2-4a69-b570-dc2e6406c9ea	TCGA-G6-A8L8-01Z-00-DX1.32E022BA-9959-4E2F-9D9D-AEEB5B7E7E9F.svs	8ba15d6585342165fab14c3c4f2025d8	1857519329	released
bd8200ce-647d-422d-b7b5-7efebab26db1	TCGA-MM-A564-01Z-00-DX1.F8F976F5-500F-4B3F-BF0E-EC3D126AF7D3.svs	cbff611717afecf16e620be48c80d7df	2532363537	released
c0440270-f33e-4f7e-b824-3f3463a875c4	TCGA-G6-A8L7-01Z-00-DX1.6EE9797B-5DBA-48D9-A62A-9C9791CC54AE.svs	78896f20bdc164bed0b3c69680679903	1745759691	released
a962e608-7248-4d14-81ec-9d324087925d	TCGA-6D-AA2E-01Z-00-DX1.81E7420E-9C8B-4076-A604-F2B2AD3340D5.svs	46a7223f2ba0cda41c5f64cacda64de0	1494232771	released
b888267e-24e0-4946-a09e-82db8f1d7d13	TCGA-BS-A0V4-01Z-00-DX1.7782C888-31D9-4D99-8B61-56CB525B2718.svs	eb6d6d00374971dcd18f81ef2082ca3e	2761285169	released
cc9b1e7b-e4ac-4c64-9642-552c97ff64ae	TCGA-B5-A11J-01Z-00-DX1.8BD1392A-B5C1-4BE8-A04F-593417AF7B70.svs	f64a7339b6de462650c390f77cd96609	2551746507	released
07110cb3-30a8-4d77-8e36-bb545ffe1ace	TCGA-AX-A060-01Z-00-DX2.24E305A1-4F4D-42DF-ABBF-1CE6ADCE4FA5.svs	2f7ddf5be52c5ba4aa8197ccc2e53717	2547171806	released
aa3ee406-6311-4f9a-813c-c5e49e64ae79	TCGA-BS-A0TA-01Z-00-DX1.7D482D06-2D30-4C64-9265-C596FDE1B88F.svs	22143f54401f29fea63216dd4ff13749	2871946217	released
1c805bc7-e339-4849-b46b-018c5fd10fdc	TCGA-B8-A54F-01Z-00-DX1.7C46D299-64F5-42C0-8226-A1AB4FF5C879.svs	da837c76032549c6c9a62b1047dce739	1697443720	released
e1eacc00-f275-470a-9f09-bd61b1bc6d8d	TCGA-AX-A05S-01Z-00-DX2.5B5A8CD0-2DCE-47F0-AC68-CF459FB922CF.svs	8d5a86116bef4a6be1d1413a9b04baf1	2677586124	released
7fd83f2d-0ce1-4b4c-aa32-beeada06188b	TCGA-AX-A1CP-01Z-00-DX1.48F69A91-A977-42AB-A102-1FEF5A506180.svs	ac40c68c74c861f83b5a0883858443e0	2405507898	released
e007a901-686f-484b-bb29-5dc9817a75bf	TCGA-AX-A05S-01Z-00-DX1.2C0EC24F-086C-4C96-9955-676D43996443.svs	8927ee7cb8d3da855ddd3f9324d2048f	1913864016	released
09952786-c688-4a97-96ef-c6607af9236c	TCGA-DI-A1BY-01Z-00-DX1.0ED757BE-AE66-442C-B3A1-5428C050D044.svs	b02ad52b76fd682948fc06aacde6a157	2254020941	released
e30b13c3-59fc-4f7f-98eb-eedb9409b6ad	TCGA-DJ-A1QH-01Z-00-DX1.20353932-D2BA-4A54-A1C1-834D0841606A.svs	dc84aa2636a65869b56994aa198c0493	1707334479	released
9245eabf-52ba-4a27-8cf6-55ebd2a9d670	TCGA-CZ-5460-01Z-00-DX1.369e0c80-f187-4e65-bf6b-e6e088fcc895.svs	4575c1904fab17a794ed1155e46816c3	1681951643	released
66585b8f-a69b-47bc-87ff-39598642354d	TCGA-CJ-4881-01Z-00-DX1.4B82DB9B-4A2B-47D4-8663-8AD218E3644A.svs	f30cd239ff22cc51c0b215bcf13ed155	1846353103	released
d5c2d833-7b07-4ab8-8a99-0edb40133387	TCGA-FY-A3NN-01Z-00-DX1.05A99BEA-DCB0-4358-8AF7-CC49ED8F71E1.svs	191f7fb89cfb003daf9e2f1e9d28e673	2495382452	released
e51285d3-e788-4e63-ada4-5ae6021b1470	TCGA-EL-A3CV-01Z-00-DX1.08D2DB43-A49B-42F9-B484-D7028E29DBE3.svs	c0b89f73a2ed024fbc4026a1938c7d1f	1962083281	released
22f84425-e634-4b74-8f5d-e4995190c8b8	TCGA-ET-A3DU-01Z-00-DX1.74661B7D-CB4A-42B4-983A-43BCD7B89D95.svs	93c2a38f3f95ac3fb629c33933d1d35c	2419307301	released
60b7d8ef-d8cb-47d3-8f60-299c8c38cc69	TCGA-ET-A25G-01Z-00-DX1.379CE9E3-B8D5-4685-80F0-CF09389187B5.svs	527ad39070f80922bcaf140c21148714	2176040025	released
7d62fdf8-32e9-4a0b-ad59-c9ab27a3da69	TCGA-BJ-A45I-01Z-00-DX1.29C9DC34-228A-4712-A028-07A396B4D1BD.svs	cc0763f7e9758195e5e0e90638b27bc3	2086593927	released
0f7d92aa-ed58-44a3-8870-687611cef709	TCGA-IM-A420-01Z-00-DX1.B7087DD3-2A65-44A3-A814-5C7826690740.svs	37fcd69fff2a4e58e66ff9bb9553dc3b	2254340481	released
448cc762-8f01-4d09-999f-0aac3b291790	TCGA-4C-A93U-01Z-00-DX2.15B0C115-43F2-415E-AB24-315635E655AA.svs	a3e3499965b4219d3b6823d6aef41036	2561812783	released
36527b0f-7083-4984-9b4b-f44e138806cf	TCGA-BJ-A0Z2-01Z-00-DX1.A3B544CF-A1DE-4887-9CBA-69EE3486CDFD.svs	4b082bb754f396f72de637dfe14afd1b	1804572041	released
b62958a2-2e01-45c1-bead-529315539c22	TCGA-JY-A6FE-01Z-00-DX1.BB3951AD-AA8D-4B2A-86E5-E0C4AA90E7AC.svs	9cde75720c507be4cbdf5209ccdf2b72	2054300654	released
3016e7b9-5227-4791-99e6-0922b11732f0	TCGA-VR-A8Q7-01Z-00-DX1.A85EC6C9-A5F4-4497-BFA0-9FE10A0E9A37.svs	2af30027dd135206f74cc36d8a7b3216	2078533131	released
79878eb5-e1f5-4da6-bef9-3400e21e8408	TCGA-VR-AA7I-01Z-00-DX1.E6041279-0D79-4CDE-B983-44158247726D.svs	054234c54791563df35aeee0dc3aea51	2479252907	released
f91cce39-0599-4f8a-a96b-df7cae708a34	TCGA-2H-A9GO-01Z-00-DX1.A3AEE5BB-3825-49B4-8F7B-B2CB9015515A.svs	92febdee107d753e6f52fc91a6078738	2646810263	released
dc7d41c8-e80a-4fd6-b739-1730b905a5e2	TCGA-JY-A6FG-01Z-00-DX1.955E1D71-77E6-41A1-9283-949290A82DB4.svs	796aeea4139d63d6f1cf252a946d73fe	2535672318	released
1bb2b3ae-a04c-407e-a7f3-5f5250634978	TCGA-JY-A6FB-01Z-00-DX1.8BCAB739-0AEE-41C1-B45B-07C615677DBB.svs	59d06b653d3fae1312d9e4a4b711a4a2	2172083786	released
94fd228c-24c6-421c-a575-25c105d98b97	TCGA-VR-A8EP-01Z-00-DX1.90476E9D-D574-4559-A07E-B360360902C6.svs	d45f6e20b0f0efa9daf54e7f14a3d234	2034361473	released
314039ec-79b3-4ba2-9144-f595177b0af1	TCGA-L5-A4OI-01Z-00-DX1.1F7F53B3-17E7-48D2-AF41-51694EEB14F7.svs	81d451e4c69bfd3a483c0a8b604d27f6	2229825429	released
45781ab8-433d-43d7-bba7-cca54a3400f4	TCGA-VR-A8ER-01Z-00-DX1.E0C2826D-B269-4F75-B6CF-CAEA9D1D8F38.svs	d29bc08da461caf57c13306e8f517068	2115875315	released
fa423194-f9f0-4417-899f-1576b78e9a5f	TCGA-XP-A8T6-01Z-00-DX1.DCDFC952-BDFE-45AB-A50A-FC1F649E0B5E.svs	be1bd9fe9768fde7e5ab0d91671854d5	2825922393	released
8ca22ad5-3ad7-41a7-9b82-3a6273957751	TCGA-25-2409-01Z-00-DX1.34FFD6A9-4919-4DF5-8415-215CC833F12D.svs	61282c5deef8c960ccf52f259e827a7e	3432072424	released
2a7d579e-d730-4bd6-bb1e-1bd5a61c1f78	TCGA-25-1630-01Z-00-DX1.75C53351-1511-4CCE-97AC-1650010AC568.svs	c29d13c2189ed585c49f87e8940c96a9	2630508006	released
9bf353e2-3aff-4c0c-b666-b56045450bcd	TCGA-25-1322-01Z-00-DX1.20DA1932-908F-44E5-B2F2-43E41E06165B.svs	65a90daccbf42ccffcb0a376f445967a	3846321624	released
9e52db57-7c16-4815-b068-f5fb0721d05e	TCGA-25-1314-01Z-00-DX1.E01C2237-E2D6-4D84-9FB4-624734F30375.svs	2cdcf159fd5fb37b0edfbcc603d94cc4	2993836380	released
d1a7e4c8-0d91-46df-89cc-1db7f22bfd75	TCGA-25-1320-01Z-00-DX1.30C154CE-C75B-4815-BF05-7D011B761993.svs	3676956389b7df838d88431a65f5e252	4056272902	released
06bf471f-a488-4506-bc45-96e7e466bb85	TCGA-4Z-AA89-01Z-00-DX1.6DD89FC0-A062-41F1-AED3-FF8975FAADF3.svs	c7fb14ab81254e889722cf2f5bc0b1f1	2223713849	released
5ab83ef7-0f70-45a6-b8c9-531af068aa0c	TCGA-4Z-AA80-01Z-00-DX1.303549D2-42A5-46C4-AD9D-D72337B416E5.svs	479ffbad31a1ec591cf9caed213bce36	2047936249	released
a8143700-f0e4-4cbb-88a0-41fa455cef30	TCGA-2F-A9KT-01Z-00-DX2.A06896B2-FC9A-430D-8F59-C89EEA002C8B.svs	c3a1807b74f08475eb8af61563e7de6f	2739398130	released
5b4088fa-6828-4cd3-aedd-cbd6f07a2d9c	TCGA-K4-A5RH-01Z-00-DX1.8AA2FC59-CDA4-49F5-BAB7-B14B6792FAF8.svs	1d314985b0c5e2657ed1d46a090f4342	2568212732	released
d740293f-b501-4c77-9ed3-48b25621fbf8	TCGA-UY-A8OB-01Z-00-DX1.9DD447FB-44F0-4FFF-8293-9FF0D54A96A0.svs	08ee3fb1df1e0059aaffc47628d56497	2099836967	released
6b534d49-2c9c-40b2-b183-8ebcf189382c	TCGA-ZF-A9RF-01Z-00-DX1.948A32F2-EF55-44E8-BC52-6FCF4A3411BF.svs	09773fe84610e367e50497ac0f64c450	3186631951	released
b095c6c7-5408-469c-847d-d73e4b6483ad	TCGA-XF-A9SV-01Z-00-DX1.2ACAA181-2EFA-4E63-B692-D968BCC56031.svs	3fbee52771a0ffe0ee3522e63c08fc77	1919851523	released
14846abd-24d8-4394-b9dc-51a26e705a18	TCGA-BT-A3PK-01Z-00-DX1.0C10EB75-B766-47DB-8BD0-853F81074355.svs	e9832f1979aea1842edad5b1ff647347	2360529551	released
339ad859-ac98-4146-89f4-87a7dea7cf0a	TCGA-FD-A6TA-01Z-00-DX1.FC156A8A-B71C-46A3-B83F-99DB0FC41FC8.svs	76e03be67aec38c535cc507e1463d623	2184008303	released
4031ad6f-f307-4922-b431-8f4182336408	TCGA-23-2647-01Z-00-DX1.21E5D0D8-6BA8-4D49-BA70-EC228CF10387.svs	f65f6b0c355652effe1f9fa9c914727f	1932863803	released
5485be59-c306-49ac-aec8-fce97b81a638	TCGA-25-2398-01Z-00-DX1.3F0E9A15-DBC8-43A0-8C94-20B02757CD10.svs	7279557c5f03970ae4e3e70fb9919a35	1951490878	released
8b8300b2-ec9f-44e9-873d-f228f6dece1d	TCGA-XF-A9SJ-01Z-00-DX1.AED4FF1B-441D-47EE-B7E5-CC6C595D3D98.svs	a95ac1c496e5bc891d14c0ac4d591c7e	1980067759	released
4eb345c9-4444-40fb-934f-a84b73d0f4b9	TCGA-W5-AA2W-01Z-00-DX1.8EF8CC01-E6E2-4197-BDE7-6184D327A161.svs	af3460e9449aea83ce842d62c0aca1fd	2579540637	released
e45d7546-a95e-4d18-abd0-3b730be85b08	TCGA-W5-AA33-01Z-00-DX1.4A6B21B2-0EE4-4433-B67C-3C97E29A335F.svs	eb6a1f43ff328cb9c80706db2fb9be73	3570938382	released
c855ff6e-8760-43c3-a534-5aa312b59304	TCGA-3X-AAVB-01Z-00-DX1.E3ACE310-E861-488D-A1BC-8BF59AE1778E.svs	e7242ab84b84efd2a2d50926ce442338	2253075679	released
231d472e-74f6-4859-8154-299f3ea1021f	TCGA-W5-AA30-01Z-00-DX1.1B63C128-3C86-4ED2-9A26-15BB5E47D66A.svs	56f5ae4cac9279e3632ba787ed348848	2464012974	released
34125923-7f7a-4b51-bef5-538b3bf20498	TCGA-ZH-A8Y5-01Z-00-DX1.A7172CB3-474B-455E-8F62-DDE31CAA6783.svs	5040178b4f51e11e8438b0b93ad269a2	2349129544	released
b7e6d802-c0b3-4bdf-8fe4-f4c018ea58ed	TCGA-W6-AA0S-01Z-00-DX1.B8B9641D-CF45-42D1-A08C-898DCE0BEE09.svs	cf6f7fae71f2217d5d1529ef645aec17	3681051671	released
61efcba0-6d35-42c3-8093-5e25b1003fc3	TCGA-G8-6906-01Z-00-DX1.61bfad6c-4e24-414f-9bcf-18ce30d6a75e.svs	90af8af241bfefd619076668f9feaa91	1030688017	released
efc52991-f3d9-495c-9597-d883b478b09e	TCGA-GS-A9TW-01Z-00-DX1.D38BD003-8DF1-4740-B83D-3426B00EF686.svs	2725504824127f32123c791c904a2568	1370021319	released
164b1772-c07f-45a0-9462-b9df93861346	TCGA-FA-8693-01Z-00-DX1.7bef9346-e85d-44c2-aa85-1f5faca9f97e.svs	f1c0c678cefb4df913e88853952a7cff	935538577	released
8ebc0ce0-a61a-40b3-a547-8cece606d39b	TCGA-GS-A9TT-01Z-00-DX1.630224CC-8145-496E-8F9B-C6805C774FCB.svs	7af1d82d350880d8f8e3b6d16d23c92b	1451130351	released
39f71138-e9a2-40cd-b817-ade1f0239737	TCGA-RQ-A6JB-01Z-00-DX1.13EB389B-B463-4722-A074-5E9002B327C1.svs	f3b58e02af9856230ccdefb9611bdaa5	1779726073	released
5f87ff9b-e93a-42a5-a788-8e78c0d1fc2b	TCGA-FA-A4XK-01Z-00-DX1.650FD75C-6486-4593-812A-B3CB2B5316C0.svs	371dc4d22927e2b452072b5693d8a88f	2183158605	released
1a66846d-90a9-42bd-af12-6582b92908c4	TCGA-FA-A4BB-01Z-00-DX1.2BF28C5E-B2BE-4C0A-A369-BDE825EF32AD.svs	6d8914ca33c05566d7cb5a8c0feeafb8	1089784861	released
9b1f01ea-fd03-40df-ae42-b9e6bbf12f37	TCGA-R8-A6MO-01Z-00-DX5.3CFCEAB5-5D93-4545-836E-949896252732.svs	1750922cd6b6c3559772e8e9ee721418	2596189948	released
0d022510-067c-4cd3-b1b5-98eab8343fb9	TCGA-VM-A8CB-01Z-00-DX8.824FCA58-A9DE-4E3F-8DBC-B38C85A34375.svs	7693020f27f2cd63621eaf81c9040551	2174368515	released
3150c8b8-2578-4ebc-97dd-697a9ad19a9d	TCGA-VM-A8CB-01Z-00-DX5.E3E9FD68-DDFE-4AC2-B898-B888E4E127FF.svs	c23d35ca916cf765315a63545d084b29	2332909565	released
d914f31a-410c-4aa0-abc2-38132b8b3264	TCGA-R8-A6MO-01Z-00-DXB.874632D2-DD16-441A-927D-DF54C5ED35F2.svs	2a666c680e0c284d5427e41a8c154f75	2237966876	released
